gaugesize,averagevelocity,velocityerror
0.71,0.256478873,0.03
0.90,0.202333333,0.11
1.00,0.1821,0.07
1.25,0.14568,0.07