gaugesize,averagevelocity,velocityerror
0.71,0.46450816,0.03
0.90,1.05872093,0.11
1.00,0.835321101,0.07
1.25,0.784913793,0.07